INSERT INTO USER (ENABLED, FIRST_NAME, LAST_NAME, PASSWORD, USERNAME, CREATE_USER_USERNAME, CREATE_DATE, DAYS_OF_VACATION_LEFT, ACTIVE_USER, USER_NUMBER) VALUES(TRUE, 'Admin', 'Istrator', '$2y$12$FIE6c56NEyVqJM4c3iqwzesRksvFBI08uuHRPcQy3OPqHt/E8YLmu', 'admin', 'admin', '2016-01-01 00:00:00', '25', TRUE, 1)
INSERT INTO USER_USER_ROLE (USER_USERNAME, ROLES) VALUES ('admin', 'ADMIN')
INSERT INTO USER (ENABLED, FIRST_NAME, LAST_NAME, PASSWORD, USERNAME, CREATE_USER_USERNAME, CREATE_DATE, DAYS_OF_VACATION_LEFT, ACTIVE_USER, USER_NUMBER) VALUES(TRUE, 'Susi', 'Kaufgern', '$2y$12$FIE6c56NEyVqJM4c3iqwzesRksvFBI08uuHRPcQy3OPqHt/E8YLmu', 'user1', 'admin', '2016-01-01 00:00:00', '25', TRUE, 2)
INSERT INTO USER_USER_ROLE (USER_USERNAME, ROLES) VALUES ('user1', 'MANAGER')
INSERT INTO USER (ENABLED, FIRST_NAME, LAST_NAME, PASSWORD, USERNAME, CREATE_USER_USERNAME, CREATE_DATE, DAYS_OF_VACATION_LEFT, LOCATION_CODE, HOURS_WORKED_THIS_WEEK, ACTIVE_USER, USER_NUMBER) VALUES(TRUE, 'Max', 'Mustermann', '$2y$12$FIE6c56NEyVqJM4c3iqwzesRksvFBI08uuHRPcQy3OPqHt/E8YLmu', 'user2', 'admin', '2016-01-01 00:00:00', '25', 'MUC', '1970-01-01 20:10:00', TRUE, 3)

INSERT INTO USER_USER_ROLE (USER_USERNAME, ROLES) VALUES ('user2', 'PILOT')

INSERT INTO USER (ENABLED, FIRST_NAME, LAST_NAME, PASSWORD, USERNAME, CREATE_USER_USERNAME, CREATE_DATE, DAYS_OF_VACATION_LEFT, LOCATION_CODE, HOURS_WORKED_THIS_WEEK, ACTIVE_USER, USER_NUMBER) VALUES(TRUE, 'Joe', 'Black', '$2y$12$FIE6c56NEyVqJM4c3iqwzesRksvFBI08uuHRPcQy3OPqHt/E8YLmu', 'user3', 'admin', '2016-01-01 00:00:00', '25', 'MUC', '1970-01-01 20:10:00', TRUE, 4)

INSERT INTO USER_USER_ROLE (USER_USERNAME, ROLES) VALUES ('user3', 'CREW')

INSERT INTO USER (ENABLED, FIRST_NAME, LAST_NAME, PASSWORD, USERNAME, CREATE_USER_USERNAME, CREATE_DATE, DAYS_OF_VACATION_LEFT, LOCATION_CODE, HOURS_WORKED_THIS_WEEK, ACTIVE_USER, USER_NUMBER) VALUES(TRUE, 'Max', 'Mustermann', '$2y$12$FIE6c56NEyVqJM4c3iqwzesRksvFBI08uuHRPcQy3OPqHt/E8YLmu', 'user4', 'admin', '2016-01-01 00:00:00', '25', 'MUC', '1970-01-01 20:10:00', TRUE, 5)

INSERT INTO USER_USER_ROLE (USER_USERNAME, ROLES) VALUES ('user4', 'PILOT')

INSERT INTO USER (ENABLED, FIRST_NAME, LAST_NAME, PASSWORD, USERNAME, CREATE_USER_USERNAME, CREATE_DATE, DAYS_OF_VACATION_LEFT, LOCATION_CODE, HOURS_WORKED_THIS_WEEK, ACTIVE_USER, USER_NUMBER) VALUES(TRUE, 'Jack', 'White', '$2y$12$FIE6c56NEyVqJM4c3iqwzesRksvFBI08uuHRPcQy3OPqHt/E8YLmu', 'user5', 'admin', '2016-01-01 00:00:00', '25', 'EZE', '1970-01-01 20:10:00', TRUE, 6)

INSERT INTO USER_USER_ROLE (USER_USERNAME, ROLES) VALUES ('user5', 'CREW')

INSERT INTO USER (ENABLED, FIRST_NAME, LAST_NAME, PASSWORD, USERNAME, CREATE_USER_USERNAME, CREATE_DATE, DAYS_OF_VACATION_LEFT, LOCATION_CODE, HOURS_WORKED_THIS_WEEK, ACTIVE_USER, USER_NUMBER) VALUES(TRUE, 'Max', 'Mustermann', '$2y$12$FIE6c56NEyVqJM4c3iqwzesRksvFBI08uuHRPcQy3OPqHt/E8YLmu', 'user6', 'admin', '2016-01-01 00:00:00', '25', 'NRT', '1970-01-01 20:10:00', TRUE, 7)

INSERT INTO USER_USER_ROLE (USER_USERNAME, ROLES) VALUES ('user6', 'PILOT')

INSERT INTO USER (ENABLED, FIRST_NAME, LAST_NAME, PASSWORD, USERNAME, CREATE_USER_USERNAME, CREATE_DATE, DAYS_OF_VACATION_LEFT, LOCATION_CODE, HOURS_WORKED_THIS_WEEK, ACTIVE_USER, USER_NUMBER) VALUES(TRUE, 'Joe', 'Black', '$2y$12$FIE6c56NEyVqJM4c3iqwzesRksvFBI08uuHRPcQy3OPqHt/E8YLmu', 'user7', 'admin', '2016-01-01 00:00:00', '25', 'NRT', '1970-01-01 20:10:00', TRUE, 8)

INSERT INTO USER_USER_ROLE (USER_USERNAME, ROLES) VALUES ('user7', 'CREW')

INSERT INTO USER (ENABLED, FIRST_NAME, LAST_NAME, PASSWORD, USERNAME, CREATE_USER_USERNAME, CREATE_DATE, DAYS_OF_VACATION_LEFT, LOCATION_CODE, HOURS_WORKED_THIS_WEEK, ACTIVE_USER, USER_NUMBER) VALUES(TRUE, 'Max', 'Mustermann', '$2y$12$FIE6c56NEyVqJM4c3iqwzesRksvFBI08uuHRPcQy3OPqHt/E8YLmu', 'user8', 'admin', '2016-01-01 00:00:00', '25', 'TLV','1970-01-01 20:10:00', TRUE, 9)

INSERT INTO USER_USER_ROLE (USER_USERNAME, ROLES) VALUES ('user8', 'PILOT')

INSERT INTO USER (ENABLED, FIRST_NAME, LAST_NAME, PASSWORD, USERNAME, CREATE_USER_USERNAME, CREATE_DATE, DAYS_OF_VACATION_LEFT, LOCATION_CODE, HOURS_WORKED_THIS_WEEK, ACTIVE_USER, USER_NUMBER) VALUES(TRUE, 'Joe', 'Black', '$2y$12$FIE6c56NEyVqJM4c3iqwzesRksvFBI08uuHRPcQy3OPqHt/E8YLmu', 'user9', 'admin', '2016-01-01 00:00:00', '25', 'TLV', '1970-01-01 20:10:00', TRUE, 10)

INSERT INTO USER_USER_ROLE (USER_USERNAME, ROLES) VALUES ('user9', 'CREW')

INSERT INTO USER (ENABLED, FIRST_NAME, LAST_NAME, PASSWORD, USERNAME, CREATE_USER_USERNAME, CREATE_DATE, DAYS_OF_VACATION_LEFT, LOCATION_CODE, HOURS_WORKED_THIS_WEEK, ACTIVE_USER, USER_NUMBER) VALUES(TRUE, 'Max', 'Mustermann', '$2y$12$FIE6c56NEyVqJM4c3iqwzesRksvFBI08uuHRPcQy3OPqHt/E8YLmu', 'user10', 'admin', '2016-01-01 00:00:00', '25', 'DXB', '1970-01-01 20:10:00', TRUE, 11)

INSERT INTO USER_USER_ROLE (USER_USERNAME, ROLES) VALUES ('user10', 'PILOT')

INSERT INTO USER (ENABLED, FIRST_NAME, LAST_NAME, PASSWORD, USERNAME, CREATE_USER_USERNAME, CREATE_DATE, DAYS_OF_VACATION_LEFT, LOCATION_CODE, HOURS_WORKED_THIS_WEEK, ACTIVE_USER, USER_NUMBER) VALUES(TRUE, 'Joe', 'Black', '$2y$12$FIE6c56NEyVqJM4c3iqwzesRksvFBI08uuHRPcQy3OPqHt/E8YLmu', 'user11', 'admin', '2016-01-01 00:00:00', '25', 'DXB', '1970-01-01 20:10:00', TRUE, 12)

INSERT INTO USER_USER_ROLE (USER_USERNAME, ROLES) VALUES ('user11', 'CREW')

INSERT INTO USER (ENABLED, FIRST_NAME, LAST_NAME, PASSWORD, USERNAME, CREATE_USER_USERNAME, CREATE_DATE, DAYS_OF_VACATION_LEFT, LOCATION_CODE, HOURS_WORKED_THIS_WEEK, ACTIVE_USER, USER_NUMBER) VALUES(TRUE, 'Max', 'Mustermann', '$2y$12$FIE6c56NEyVqJM4c3iqwzesRksvFBI08uuHRPcQy3OPqHt/E8YLmu', 'user12', 'admin', '2016-01-01 00:00:00', '25', 'TUS', '1970-01-01 20:10:00', TRUE, 13)

INSERT INTO USER_USER_ROLE (USER_USERNAME, ROLES) VALUES ('user12', 'PILOT')

INSERT INTO USER (ENABLED, FIRST_NAME, LAST_NAME, PASSWORD, USERNAME, CREATE_USER_USERNAME, CREATE_DATE, DAYS_OF_VACATION_LEFT, LOCATION_CODE, HOURS_WORKED_THIS_WEEK, ACTIVE_USER, USER_NUMBER) VALUES(TRUE, 'Joe', 'Black', '$2y$12$FIE6c56NEyVqJM4c3iqwzesRksvFBI08uuHRPcQy3OPqHt/E8YLmu', 'user13', 'admin', '2016-01-01 00:00:00', '25', 'TUS', '1970-01-01 20:10:00', TRUE, 14)

INSERT INTO USER_USER_ROLE (USER_USERNAME, ROLES) VALUES ('user13', 'CREW')

INSERT INTO USER (ENABLED, FIRST_NAME, LAST_NAME, PASSWORD, USERNAME, CREATE_USER_USERNAME, CREATE_DATE, DAYS_OF_VACATION_LEFT, LOCATION_CODE, HOURS_WORKED_THIS_WEEK, ACTIVE_USER, USER_NUMBER) VALUES(TRUE, 'Max', 'Mustermann', '$2y$12$FIE6c56NEyVqJM4c3iqwzesRksvFBI08uuHRPcQy3OPqHt/E8YLmu', 'user14', 'admin', '2016-01-01 00:00:00', '25', 'MLE', '1970-01-01 20:10:00', TRUE, 15)

INSERT INTO USER_USER_ROLE (USER_USERNAME, ROLES) VALUES ('user14', 'PILOT')

INSERT INTO AIRPLANE (AIRPLANE_ID, AIRPLANE_TYPE, CREATE_DATE, IS_ASSIGNED_TO_FLIGHT, LOCATION_CODE, NUM_CABIN_CREW_NECESSARY, NUM_PILOTS_NECESSARY, NUM_SEATS, TIME_LAST_FLIGHT_ENDED, CREATE_USER_USERNAME) VALUES ('A320', 'AIRBUS', '2019-12-16 00:00:00', 'false', 'MUC', '1', '1', '120', '2019-12-17 09:10:00', 'admin')
INSERT INTO AIRPLANE (AIRPLANE_ID, AIRPLANE_TYPE, CREATE_DATE, IS_ASSIGNED_TO_FLIGHT, LOCATION_CODE, NUM_CABIN_CREW_NECESSARY, NUM_PILOTS_NECESSARY, NUM_SEATS, TIME_LAST_FLIGHT_ENDED, CREATE_USER_USERNAME) VALUES ('B737', 'BOEING', '2019-12-16 00:00:00', 'false', 'MUC', '1', '1', '180', '2019-12-01 00:00:00', 'admin')
INSERT INTO AIRPLANE (AIRPLANE_ID, AIRPLANE_TYPE, CREATE_DATE, IS_ASSIGNED_TO_FLIGHT, LOCATION_CODE, NUM_CABIN_CREW_NECESSARY, NUM_PILOTS_NECESSARY, NUM_SEATS, TIME_LAST_FLIGHT_ENDED, CREATE_USER_USERNAME) VALUES ('B738', 'BOEING', '2019-12-16 00:00:00', 'false', 'AGB', '1', '1', '174', '2019-12-01 00:00:00', 'admin')
INSERT INTO AIRPLANE (AIRPLANE_ID, AIRPLANE_TYPE, CREATE_DATE, IS_ASSIGNED_TO_FLIGHT, LOCATION_CODE, NUM_CABIN_CREW_NECESSARY, NUM_PILOTS_NECESSARY, NUM_SEATS, TIME_LAST_FLIGHT_ENDED, CREATE_USER_USERNAME) VALUES ('B739', 'BOEING', '2019-12-16 00:00:00', 'false', 'FRA', '1', '1', '140', '2019-12-01 00:00:00', 'admin')
INSERT INTO AIRPLANE (AIRPLANE_ID, AIRPLANE_TYPE, CREATE_DATE, IS_ASSIGNED_TO_FLIGHT, LOCATION_CODE, NUM_CABIN_CREW_NECESSARY, NUM_PILOTS_NECESSARY, NUM_SEATS, TIME_LAST_FLIGHT_ENDED, CREATE_USER_USERNAME) VALUES ('B740', 'BOEING', '2019-12-16 00:00:00', 'false', 'DEL', '1', '1', '177', '2019-12-01 00:00:00', 'admin')
INSERT INTO AIRPLANE (AIRPLANE_ID, AIRPLANE_TYPE, CREATE_DATE, IS_ASSIGNED_TO_FLIGHT, LOCATION_CODE, NUM_CABIN_CREW_NECESSARY, NUM_PILOTS_NECESSARY, NUM_SEATS, TIME_LAST_FLIGHT_ENDED, CREATE_USER_USERNAME) VALUES ('B741', 'BOEING', '2019-12-16 00:00:00', 'false', 'HRG', '1', '1', '166', '2019-12-01 00:00:00', 'admin')
INSERT INTO AIRPLANE (AIRPLANE_ID, AIRPLANE_TYPE, CREATE_DATE, IS_ASSIGNED_TO_FLIGHT, LOCATION_CODE, NUM_CABIN_CREW_NECESSARY, NUM_PILOTS_NECESSARY, NUM_SEATS, TIME_LAST_FLIGHT_ENDED, CREATE_USER_USERNAME) VALUES ('B742', 'BOEING', '2019-12-16 00:00:00', 'false', 'LXR', '1', '1', '144', '2019-12-01 00:00:00', 'admin')
INSERT INTO AIRPLANE (AIRPLANE_ID, AIRPLANE_TYPE, CREATE_DATE, IS_ASSIGNED_TO_FLIGHT, LOCATION_CODE, NUM_CABIN_CREW_NECESSARY, NUM_PILOTS_NECESSARY, NUM_SEATS, TIME_LAST_FLIGHT_ENDED, CREATE_USER_USERNAME) VALUES ('B743', 'BOEING', '2019-12-16 00:00:00', 'false', 'MLE', '1', '1', '130', '2019-12-01 00:00:00', 'admin')
INSERT INTO AIRPLANE (AIRPLANE_ID, AIRPLANE_TYPE, CREATE_DATE, IS_ASSIGNED_TO_FLIGHT, LOCATION_CODE, NUM_CABIN_CREW_NECESSARY, NUM_PILOTS_NECESSARY, NUM_SEATS, TIME_LAST_FLIGHT_ENDED, CREATE_USER_USERNAME) VALUES ('B744', 'BOEING', '2019-12-16 00:00:00', 'false', 'TUS', '1', '1', '162', '2019-12-01 00:00:00', 'admin')
INSERT INTO AIRPLANE (AIRPLANE_ID, AIRPLANE_TYPE, CREATE_DATE, IS_ASSIGNED_TO_FLIGHT, LOCATION_CODE, NUM_CABIN_CREW_NECESSARY, NUM_PILOTS_NECESSARY, NUM_SEATS, TIME_LAST_FLIGHT_ENDED, CREATE_USER_USERNAME) VALUES ('B745', 'BOEING', '2019-12-16 00:00:00', 'false', 'DXB', '1', '1', '220', '2019-12-01 00:00:00', 'admin')
INSERT INTO AIRPLANE (AIRPLANE_ID, AIRPLANE_TYPE, CREATE_DATE, IS_ASSIGNED_TO_FLIGHT, LOCATION_CODE, NUM_CABIN_CREW_NECESSARY, NUM_PILOTS_NECESSARY, NUM_SEATS, TIME_LAST_FLIGHT_ENDED, CREATE_USER_USERNAME) VALUES ('B746', 'BOEING', '2019-12-16 00:00:00', 'false', 'TLV', '1', '1', '220', '2019-12-01 00:00:00', 'admin')
INSERT INTO AIRPLANE (AIRPLANE_ID, AIRPLANE_TYPE, CREATE_DATE, IS_ASSIGNED_TO_FLIGHT, LOCATION_CODE, NUM_CABIN_CREW_NECESSARY, NUM_PILOTS_NECESSARY, NUM_SEATS, TIME_LAST_FLIGHT_ENDED, CREATE_USER_USERNAME) VALUES ('A551', 'AIRBUS', '2019-12-16 00:00:00', 'false', 'NRT', '1', '1', '180', '2019-12-01 00:00:00', 'admin')
INSERT INTO AIRPLANE (AIRPLANE_ID, AIRPLANE_TYPE, CREATE_DATE, IS_ASSIGNED_TO_FLIGHT, LOCATION_CODE, NUM_CABIN_CREW_NECESSARY, NUM_PILOTS_NECESSARY, NUM_SEATS, TIME_LAST_FLIGHT_ENDED, CREATE_USER_USERNAME) VALUES ('A552', 'AIRBUS', '2019-12-16 00:00:00', 'false', 'EZE', '1', '1', '200', '2019-12-01 00:00:00', 'admin')
INSERT INTO AIRPLANE (AIRPLANE_ID, AIRPLANE_TYPE, CREATE_DATE, IS_ASSIGNED_TO_FLIGHT, LOCATION_CODE, NUM_CABIN_CREW_NECESSARY, NUM_PILOTS_NECESSARY, NUM_SEATS, TIME_LAST_FLIGHT_ENDED, CREATE_USER_USERNAME) VALUES ('A553', 'AIRBUS', '2019-12-16 00:00:00', 'false', 'NRT', '1', '1', '120', '2019-12-01 00:00:00', 'admin')


INSERT INTO FLIGHT (FLIGHT_NUMBER, DEPARTURE_DATE_TIME, ARRIVAL_DATE_TIME, CODE_AIRPORT_DEPARTURE, CODE_AIRPORT_ARRIVAL, CREATE_DATE, NUM_PASSENGERS, CREATED_BY_USERNAME, MISSING_EMPLOYEE) VALUES ('1212','2020-02-02 09:05:00', '2020-02-02 15:40:00', 'MUC', 'MLE', '2019-12-16 00:00:00', '177', 'admin', 'true')
INSERT INTO FLIGHT (FLIGHT_NUMBER, DEPARTURE_DATE_TIME, ARRIVAL_DATE_TIME, CODE_AIRPORT_DEPARTURE, CODE_AIRPORT_ARRIVAL, CREATE_DATE, NUM_PASSENGERS, CREATED_BY_USERNAME, MISSING_EMPLOYEE) VALUES ('1234','2019-12-18 09:05:00', '2019-12-18 15:40:00', 'MUC', 'FRA', '2019-12-16 00:00:00', '220', 'admin', 'true')

--INSERT INTO FLIGHT_PERSONAL (FLIGHT_FLIGHT_NUMBER, PERSONAL_USERNAME) VALUES ('1212', 'user2')
--INSERT INTO FLIGHT_PERSONAL (FLIGHT_FLIGHT_NUMBER, PERSONAL_USERNAME) VALUES ('1212', 'user3')
